સૂર્ય	Sun
ચંદ્ર	Moon
તારો	Star
આકાશ	Sky
વાદળ	Cloud
વરસાદ	Rain
પવન	Wind
આગ	Fire
પાણી	Water
પૃથ્વી	Earth
સમુદ્ર	Sea
નદી	River
તળાવ	Lake
પર્વત	Mountain
જંગલ	Forest
વૃક્ષ	Tree
પાન	Leaf
ફૂલ	Flower
મૂળ	Root
બીજ	Seed
રેતી	Sand
પથ્થર	Stone
બરફ	Ice
વીજળી	Lightning
છાયો	Shade
સિંહ	Lion
વાઘ	Tiger
હાથી	Elephant
ઘોડો	Horse
ઊંટ	Camel
ગાય	Cow
બકરી	Goat
કૂતરો	Dog
બિલાડી	Cat
ઉંદર	Mouse
સસલું	Rabbit
વાંદરો	Monkey
રીંછ	Bear
હરણ	Deer
સાપ	Snake
મગર	Crocodile
કાચબો	Turtle
દેડકો	Frog
માછલી	Fish
પક્ષી	Bird
મોર	Peacock
પોપટ	Parrot
કાગડો	Crow
ઘુવડ	Owl
ગરુડ	Eagle
પતંગિયું	Butterfly
મધમાખી	Bee
કીડી	Ant
કરોળિયો	Spider
પાંખ	Wing
ઘર	House
બારણું	Door
બારી	Window
છત	Roof
દીવાલ	Wall
ચાવી	Key
તાળું	Lock
ખુરશી	Chair
મેજ	Table
પલંગ	Bed
અરીસો	Mirror
દીવો	Lamp
ઘડિયાળ	Clock
ઘંટ	Bell
પુસ્તક	Book
કાગળ	Paper
કલમ	Pen
શાહી	Ink
નકશો	Map
પત્ર	Letter
પેટી	Box
દોરડું	Rope
સોય	Needle
કાતર	Scissors
છરી	Knife
હથોડો	Hammer
પૈડું	Wheel
ગાડી	Vehicle
રેલગાડી	Train
વિમાન	Airplane
હોડી	Boat
જહાજ	Ship
રસ્તો	Road
પુલ	Bridge
બંદર	Port
કિલ્લો	Fort
મહેલ	Palace
મંદિર	Temple
શાળા	School
બજાર	Market
બગીચો	Garden
ખેતર	Field
કૂવો	Well
ગામ	Village
શહેર	City
રાજા	King
રાણી	Queen
સૈનિક	Soldier
ચોર	Thief
જાસૂસ	Spy
ખેડૂત	Farmer
શિક્ષક	Teacher
મિત્ર	Friend
દુશ્મન	Enemy
બાળક	Child
માથું	Head
આંખ	Eye
કાન	Ear
નાક	Nose
હાથ	Hand
પગ	Foot
હૃદય	Heart
લોહી	Blood
દાંત	Tooth
જીભ	Tongue
સફરજન	Apple
કેરી	Mango
કેળું	Banana
દ્રાક્ષ	Grapes
નારિયેળ	Coconut
લીંબુ	Lemon
દૂધ	Milk
મધ	Honey
મીઠું	Salt
ખાંડ	Sugar
રોટલી	Flatbread
ચોખા	Rice
ઘઉં	Wheat
ચા	Tea
બટાકું	Potato
સોનું	Gold
ચાંદી	Silver
હીરો	Diamond
મોતી	Pearl
લોખંડ	Iron
તાજ	Crown
વીંટી	Ring
હાર	Necklace
તલવાર	Sword
ઢાલ	Shield
તીર	Arrow
ધનુષ્ય	Bow
બંદૂક	Gun
ધ્વજ	Flag
સિક્કો	Coin
પતંગ	Kite
દડો	Ball
રમત	Game
સંગીત	Music
ઢોલ	Drum
વાંસળી	Flute
નૃત્ય	Dance
રંગ	Color
ચિત્ર	Picture
સપનું	Dream
સમય	Time
રાત	Night
દિવસ	Day
સવાર	Morning
પ્રકાશ	Light
અંધકાર	Darkness
અવાજ	Sound
મૌન	Silence
પ્રેમ	Love
ડર	Fear
આશા	Hope
શાંતિ	Peace
યુદ્ધ	War
જાદુ	Magic
ભૂત	Ghost
ઝેર	Poison
દવા	Medicine
તાવ	Fever
ધુમાડો	Smoke
રાખ	Ash
