gu	en
સૂર્ય	Sun
ચંદ્ર	Moon
તારો	Star
આકાશ	Sky
વાદળ	Cloud
વરસાદ	Rain
પવન	Wind
આગ	Fire
પાણી	Water
પૃથ્વી	Earth
સમુદ્ર	Sea
નદી	River
તળાવ	Lake
પર્વત	Mountain
જંગલ	Forest
વૃક્ષ	Tree
પાન	Leaf
ફૂલ	Flower
મૂળ	Root
બીજ	Seed
રેતી	Sand
પથ્થર	Stone
બરફ	Ice
વીજળી	Lightning
છાયો	Shade
સિંહ	Lion
વાઘ	Tiger
હાથી	Elephant
ઘોડો	Horse
ઊંટ	Camel
ગાય	Cow
બકરી	Goat
કૂતરો	Dog
બિલાડી	Cat
ઉંદર	Mouse
સસલું	Rabbit
વાંદરો	Monkey
રીંછ	Bear
હરણ	Deer
સાપ	Snake
મગર	Crocodile
કાચબો	Turtle
દેડકો	Frog
માછલી	Fish
પક્ષી	Bird
મોર	Peacock
પોપટ	Parrot
કાગડો	Crow
ઘુવડ	Owl
ગરુડ	Eagle
પતંગિયું	Butterfly
મધમાખી	Bee
કીડી	Ant
કરોળિયો	Spider
પાંખ	Wing
ઘર	House
બારણું	Door
બારી	Window
છત	Roof
દીવાલ	Wall
ચાવી	Key
તાળું	Lock
ખુરશી	Chair
મેજ	Table
પલંગ	Bed
અરીસો	Mirror
દીવો	Lamp
ઘડિયાળ	Clock
ઘંટ	Bell
પુસ્તક	Book
કાગળ	Paper
કલમ	Pen
શાહી	Ink
નકશો	Map
પત્ર	Letter
પેટી	Box
દોરડું	Rope
સોય	Needle
કાતર	Scissors
છરી	Knife
હથોડો	Hammer
પૈડું	Wheel
ગાડી	Vehicle
રેલગાડી	Train
વિમાન	Airplane
હોડી	Boat
જહાજ	Ship
રસ્તો	Road
પુલ	Bridge
બંદર	Port
કિલ્લો	Fort
મહેલ	Palace
મંદિર	Temple
શાળા	School
બજાર	Market
બગીચો	Garden
ખેતર	Field
કૂવો	Well
ગામ	Village
શહેર	City
રાજા	King
રાણી	Queen
સૈનિક	Soldier
ચોર	Thief
જાસૂસ	Spy
ખેડૂત	Farmer
શિક્ષક	Teacher
મિત્ર	Friend
દુશ્મન	Enemy
બાળક	Child
માથું	Head
આંખ	Eye
કાન	Ear
નાક	Nose
હાથ	Hand
પગ	Foot
હૃદય	Heart
લોહી	Blood
દાંત	Tooth
જીભ	Tongue
સફરજન	Apple
કેરી	Mango
કેળું	Banana
દ્રાક્ષ	Grapes
નારિયેળ	Coconut
લીંબુ	Lemon
દૂધ	Milk
મધ	Honey
મીઠું	Salt
ખાંડ	Sugar
રોટલી	Flatbread
ચોખા	Rice
ઘઉં	Wheat
ચા	Tea
બટાકું	Potato
સોનું	Gold
ચાંદી	Silver
હીરો	Diamond
મોતી	Pearl
લોખંડ	Iron
તાજ	Crown
વીંટી	Ring
હાર	Necklace
તલવાર	Sword
ઢાલ	Shield
તીર	Arrow
ધનુષ્ય	Bow
બંદૂક	Gun
ધ્વજ	Flag
સિક્કો	Coin
પતંગ	Kite
દડો	Ball
રમત	Game
સંગીત	Music
ઢોલ	Drum
વાંસળી	Flute
નૃત્ય	Dance
રંગ	Color
ચિત્ર	Picture
સપનું	Dream
સમય	Time
રાત	Night
દિવસ	Day
સવાર	Morning
પ્રકાશ	Light
અંધકાર	Darkness
અવાજ	Sound
મૌન	Silence
પ્રેમ	Love
ડર	Fear
આશા	Hope
શાંતિ	Peace
યુદ્ધ	War
જાદુ	Magic
ભૂત	Ghost
ઝેર	Poison
દવા	Medicine
તાવ	Fever
ધુમાડો	Smoke
રાખ	Ash
ધરતીકંપ	Earthquake
જ્વાળામુખી	Volcano
ધોધ	Waterfall
ઝરણું	Spring
ખીણ	Valley
ટેકરી	Hill
મેદાન	Plain
રણ	Desert
ટાપુ	Island
દ્વીપકલ્પ	Peninsula
કિનારો	Shore
ખાડી	Bay
ગુફા	Cave
ખડક	Rock face
માટી	Soil
કાદવ	Mud
ધૂળ	Dust
કાંકરો	Pebble
કોલસો	Coal
ખનિજ	Mineral
ઝાકળ	Dew
ધુમ્મસ	Fog
કરાં	Hailstones
હિમવર્ષા	Snowfall
વાવાઝોડું	Storm
ચક્રવાત	Cyclone
પૂર	Flood
દુકાળ	Drought
મોજું	Wave
ભરતી	High tide
ઓટ	Low tide
પ્રવાહ	Current
વમળ	Whirlpool
ક્ષિતિજ	Horizon
મેઘધનુષ્ય	Rainbow
ગર્જના	Thunder
સૂર્યોદય	Sunrise
સૂર્યાસ્ત	Sunset
સંધ્યા	Dusk
બપોર	Afternoon
મધરાત	Midnight
પરોઢ	Daybreak
ઋતુ	Season
વસંત	Spring season
ઉનાળો	Summer
ચોમાસું	Monsoon
શિયાળો	Winter
પાનખર	Autumn
ભેજ	Humidity
ગરમી	Heat
ઠંડી	Cold
તાપમાન	Temperature
હવામાન	Weather
વાતાવરણ	Atmosphere
અવકાશ	Space
બ્રહ્માંડ	Universe
આકાશગંગા	Milky Way
ગ્રહ	Planet
ઉપગ્રહ	Satellite
ધૂમકેતુ	Comet
ઉલ્કા	Meteor
ગ્રહણ	Eclipse
કક્ષા	Orbit
ગુરુત્વાકર્ષણ	Gravity
દૂરબીન	Telescope
નક્ષત્ર	Constellation
સૂર્યમંડળ	Solar system
ચંદ્રયાન	Lunar spacecraft
અવકાશયાત્રી	Astronaut
બુધ	Mercury
શુક્ર	Venus
મંગળ	Mars
ગુરુ	Jupiter
શનિ	Saturn
ધ્રુવ	Pole
વિષુવવૃત્ત	Equator
અક્ષાંશ	Latitude
રેખાંશ	Longitude
ઉત્તર	North
દક્ષિણ	South
પૂર્વ	East
પશ્ચિમ	West
દિશા	Direction
હોકાયંત્ર	Compass
વટવૃક્ષ	Banyan
પીપળો	Peepal tree
લીમડો	Neem tree
આંબો	Mango tree
આસોપાલવ	Indian mast tree
વાંસ	Bamboo
સાગ	Teak
ચંદન	Sandalwood
બાવળ	Acacia
ખજૂરી	Date palm
તાડ	Palmyra palm
ગુલમહોર	Flame tree
કેસૂડો	Flame of the forest
આમલી	Tamarind
આમળું	Indian gooseberry
વેલ	Vine
ઝાડી	Shrub
ઘાસ	Grass
શેવાળ	Algae
ફૂગ	Fungus
કાંટો	Thorn
ડાળી	Branch
થડ	Trunk
છાલ	Bark
કળી	Bud
પાંખડી	Petal
પરાગ	Pollen
ફળ	Fruit
રોપો	Sapling
કુંપળ	Sprout
ગુલાબ	Rose
કમળ	Lotus
મોગરો	Arabian jasmine
ચમેલી	Jasmine
ચંપો	Frangipani
ગલગોટો	Marigold
સૂર્યમુખી	Sunflower
જાસૂદ	Hibiscus
તુલસી	Holy basil
કુંવારપાઠું	Aloe vera
ફુદીનો	Mint
કોથમીર	Coriander leaves
મેથી	Fenugreek
પાલક	Spinach
તાંદળજો	Amaranth greens
સરસવ	Mustard
દૂર્વા	Bermuda grass
મહેંદી	Henna
કપાસ	Cotton
શણ	Jute
અળસી	Flaxseed
એરંડો	Castor plant
કેક્ટસ	Cactus
ઓક	Oak
દેવદાર	Cedar
ચીડ	Pine
વરુ	Wolf
શિયાળ	Jackal
લૂમડી	Fox
દીપડો	Leopard
ચિત્તો	Cheetah
ગેંડો	Rhinoceros
જિરાફ	Giraffe
ઝીબ્રા	Zebra
કાંગારૂ	Kangaroo
પાન્ડા	Panda
ગોરિલા	Gorilla
ચિમ્પાન્ઝી	Chimpanzee
જળઘોડો	Hippopotamus
ભેંસ	Buffalo
બળદ	Ox
વાછરડું	Calf
ઘેટું	Sheep
ગધેડો	Donkey
ખચ્ચર	Mule
ડુક્કર	Pig
જંગલી ભૂંડ	Wild boar
ખિસકોલી	Squirrel
નોળિયો	Mongoose
શાહુડી	Porcupine
ચામાચીડિયું	Bat
જળબિલાડી	Otter
કીડીખાઉ	Anteater
કાચિંડો	Chameleon
ગરોળી	Lizard
અજગર	Python
નાગ	Cobra
ધામણ	Rat snake
વીંછી	Scorpion
અળસિયું	Earthworm
જળો	Leech
ગોકળગાય	Snail
કરચલો	Crab
ઝીંગો	Shrimp
છીપ	Shell
શંખ	Conch
પરવાળું	Coral
શાર્ક	Shark
વ્હેલ	Whale
ડોલ્ફિન	Dolphin
ઓક્ટોપસ	Octopus
જેલીફિશ	Jellyfish
તારામાછલી	Starfish
પેંગ્વિન	Penguin
સીલ	Seal
મરઘી	Hen
કૂકડો	Rooster
બતક	Duck
હંસ	Swan
કબૂતર	Pigeon
ચકલી	Sparrow
કોયલ	Cuckoo
બુલબુલ	Bulbul
મેના	Myna
બગલો	Egret
સારસ	Sarus crane
સુરખાબ	Flamingo
ગીધ	Vulture
બાજ	Falcon
સમડી	Kite bird
શાહમૃગ	Ostrich
કઠફોડિયો	Woodpecker
દરજીડો	Tailorbird
કલકલિયો	Kingfisher
જળકૂકડી	Waterhen
ટિટોડી	Lapwing
ચાંચ	Beak
પીંછું	Feather
માળો	Nest
ઈંડું	Egg
બચ્ચું	Young animal
પૂંછડી	Tail
શિંગડું	Horn
ખરી	Hoof
પંજો	Paw
રૂંવાટી	Fur
કેશવાળી	Mane
સૂંઢ	Trunk of elephant
દંતશૂળ	Tusk
કવચ	Shell armor
ગિલ્સ	Gills
મચ્છર	Mosquito
માખી	Fly
ભમરો	Bumblebee
ભમરી	Wasp
ઊધઈ	Termite
તીડ	Locust
કંસારી	Cricket insect
વંદો	Cockroach
ચાંચડ	Flea
માંકડ	Bedbug
જૂ	Louse
ઈયળ	Caterpillar
રેશમકીડો	Silkworm
આગિયો	Firefly
ગોબરિયો	Dung beetle
મધપૂડો	Honeycomb
કીડિયારું	Anthill
જાળું	Web
ગમાણ	Cattle stall
તબેલો	Stable
પાંજરું	Cage
ચારો	Fodder
શિકાર	Hunt
પશુપાલન	Animal husbandry
સંતરું	Orange
મોસંબી	Sweet lime
દાડમ	Pomegranate
પપૈયું	Papaya
જામફળ	Guava
ચીકુ	Sapodilla
અનાનસ	Pineapple
તરબૂચ	Watermelon
શક્કરટેટી	Muskmelon
સીતાફળ	Custard apple
રામફળ	Bullock's heart fruit
ફણસ	Jackfruit
લીચી	Lychee
જાંબુ	Java plum
બોર	Jujube
શેતૂર	Mulberry
અંજીર	Fig
ખજૂર	Date fruit
જરદાળુ	Apricot
આલુબુખારું	Plum
નાસપતી	Pear
પીચ	Peach
સ્ટ્રોબેરી	Strawberry
ચેરી	Cherry
એવોકાડો	Avocado
કિવી	Kiwi fruit
કરમદાં	Karonda berries
કાચી કેરી	Raw mango
બદામ	Almond
કાજુ	Cashew
પિસ્તા	Pistachio
અખરોટ	Walnut
શીંગ	Peanut
કિસમિસ	Raisin
ખારેક	Dried date
મખાણા	Fox nuts
સૂકો મેવો	Dried fruit and nuts
ટામેટું	Tomato
ડુંગળી	Onion
લસણ	Garlic
આદુ	Ginger
મરચું	Chili
ગાજર	Carrot
મૂળો	Radish
બીટ	Beetroot
કાકડી	Cucumber
દૂધી	Bottle gourd
તૂરિયું	Ridge gourd
ગલકું	Sponge gourd
કારેલું	Bitter gourd
કોળું	Pumpkin
પેઠું	Ash gourd
રીંગણ	Eggplant
ભીંડો	Okra
કોબી	Cabbage
ફૂલકોબી	Cauliflower
બટાણા	Peas
વાલ	Hyacinth bean
ચોળી	Blouse
ગુવાર	Cluster bean
ફણસી	French bean
પાપડી	Flat bean
સરગવો	Drumstick tree
શક્કરિયું	Sweet potato
સૂરણ	Elephant foot yam
અરબી	Taro
રતાળુ	Purple yam
ટીંડોળું	Ivy gourd
પરવળ	Pointed gourd
મકાઈ	Corn
શિંગોડું	Water chestnut
લીલી ડુંગળી	Spring onion
મીઠો લીમડો	Curry leaves
કઢી	Yogurt curry
દાળ	Lentil stew
ભાત	Cooked rice
ખીચડી	Rice and lentils
ભાખરી	Thick flatbread
થેપલું	Spiced flatbread
પરોઠું	Layered flatbread
પૂરી	Fried bread
રોટલો	Millet flatbread
ઢોકળું	Steamed savory cake
ખમણ	Steamed gram cake
હાંડવો	Savory lentil cake
ખાંડવી	Gram flour rolls
ફાફડા	Crispy gram strips
ગાંઠિયા	Fried gram snacks
સેવ	Thin fried noodles
ચેવડો	Savory snack mix
ભજિયાં	Fritters
સમોસું	Samosa
કચોરી	Stuffed fried pastry
પાત્રા	Steamed colocasia rolls
મૂઠિયાં	Steamed savory dumplings
દાબેલી	Spiced potato bun
ઊંધિયું	Mixed vegetable dish
ઓળો	Mashed roasted eggplant
સુખડી	Wheat and jaggery sweet
મોહનથાળ	Gram flour fudge
શીરો	Semolina sweet
લાડુ	Sweet ball
જલેબી	Syrup-soaked spiral
શ્રીખંડ	Sweet strained yogurt
બાસુંદી	Sweet reduced milk
દૂધપાક	Milk and rice dessert
ખીર	Rice pudding
પેંડો	Milk sweet
બરફી	Sweet fudge
ચીકી	Nut brittle
ઘૂઘરા	Stuffed sweet pastry
સૂતરફેણી	Threadlike sweet
આઇસક્રીમ	Ice cream
કુલ્ફી	Frozen milk dessert
ચટણી	Chutney
અથાણું	Pickle
પાપડ	Thin crispy wafer
દહીં	Yogurt
છાશ	Buttermilk
માખણ	Butter
ઘી	Clarified butter
પનીર	Fresh cheese
મલાઈ	Cream
લસ્સી	Yogurt drink
શરબત	Sweet drink
રસ	Juice
કોફી	Coffee
કોકો	Cocoa
ચોકલેટ	Chocolate
બિસ્કિટ	Biscuit
કેક	Cake
પાઉં	Bread roll
સૂપ	Soup
સલાડ	Salad
નાસ્તો	Snack
ભોજન	Meal
મીઠાઈ	Sweets
ફરસાણ	Savory snacks
મસાલો	Spice mix
હળદર	Turmeric
જીરું	Cumin
ધાણા	Coriander seeds
રાઈ	Mustard seeds
હિંગ	Asafoetida
તજ	Cinnamon
લવિંગ	Clove
એલચી	Cardamom
જાયફળ	Nutmeg
જાવંત્રી	Mace spice
કેસર	Saffron
મરી	Black pepper
તમાલપત્ર	Bay leaf
વરિયાળી	Fennel
અજમો	Carom seeds
તલ	Sesame
ખસખસ	Poppy seeds
કોકમ	Kokum
સૂંઠ	Dried ginger
ગોળ	Jaggery
સાકર	Rock sugar
ગળપણ	Sweetness
ખટાશ	Sourness
કડવાશ	Bitterness
તીખાશ	Spiciness
સુગંધ	Fragrance
સ્વાદ	Taste
લોટ	Flour
બેસન	Gram flour
રવો	Semolina
મેંદો	Refined wheat flour
બાજરી	Pearl millet
જુવાર	Sorghum
રાગી	Finger millet
જવ	Barley
ઓટ્સ	Oats
ચણા	Chickpeas
મગ	Mung beans
અડદ	Black gram
તુવેર	Pigeon peas
મસૂર	Red lentils
મઠ	Moth bean
રાજમા	Kidney beans
સોયાબીન	Soybean
તેલ	Oil
સિરકો	Vinegar
ખમીર	Yeast
અંકુર	Germinating shoot
રસોડું	Kitchen
ઓરડો	Room
બેઠકખંડ	Living room
શયનખંડ	Bedroom
સ્નાનઘર	Bathroom
આંગણું	Courtyard
ઓસરી	Veranda
બાલ્કની	Balcony
અગાશી	Terrace
ભોંયરું	Basement
માળિયું	Loft
દાદર	Staircase
પગથિયું	Step
ઉંબરું	Threshold
ઝરૂખો	Overhanging balcony
કબાટ	Cupboard
અભરાઈ	Shelf
ખાનું	Compartment
તકિયો	Pillow
ગાદલું	Mattress
ચાદર	Bedsheet
રજાઈ	Quilt
ધાબળો	Blanket
ચટાઈ	Mat
શેતરંજી	Woven rug
ગાલીચો	Carpet
પડદો	Curtain
મચ્છરદાની	Mosquito net
પારણું	Cradle
હીંચકો	Swing
સોફો	Sofa
પાટલો	Low wooden seat
બાંકડો	Bench
ટિપાઈ	Small table
થાળી	Plate
વાટકી	Bowl
રકાબી	Saucer
કપ	Cup
પ્યાલો	Drinking glass
ચમચી	Spoon
કાંટાચમચી	Fork
કડછી	Ladle
ઝારો	Skimmer
સાણસી	Kitchen tongs
તવી	Griddle
કઢાઈ	Wok
તપેલી	Saucepan
હાંડી	Cooking pot
કૂકર	Pressure cooker
કેટલી	Kettle
ગરણી	Strainer
ચાળણી	Sieve
ખાંડણિયો	Mortar
દસ્તો	Pestle
વેલણ	Rolling pin
ચકલો	Rolling board
ખમણી	Grater
છાલણી	Peeler
માટલું	Clay water pot
ઘડો	Pitcher
કુંજો	Earthen jug
લોટો	Water vessel
ડોલ	Bucket
ટબ	Tub
બોટલ	Bottle
બરણી	Jar
ડબ્બો	Container
ઢાંકણ	Lid
ટોપલી	Basket
ટ્રે	Tray
થર્મોસ	Thermos flask
ચૂલો	Hearth
સગડી	Brazier
ભઠ્ઠી	Furnace
ગેસચૂલો	Gas stove
ઓવન	Oven
માઇક્રોવેવ	Microwave
ફ્રિજ	Refrigerator
મિક્સર	Blender
ઘંટી	Grain mill
સિલિન્ડર	Gas cylinder
વાસણ	Utensil
ઝાડુ	Broom
સૂપડું	Winnowing basket
પોતું	Mopping cloth
સાવરણી	Cleaning broom
કચરાપેટી	Dustbin
સાબુ	Soap
સાબુદાણી	Soap dish
સર્ફ	Laundry detergent
બ્રશ	Brush
ટૂથપેસ્ટ	Toothpaste
દાતણ	Tooth-cleaning twig
ટુવાલ	Towel
નેપકિન	Napkin
કાંસકો	Comb
શેમ્પૂ	Shampoo
અત્તર	Perfume
પાવડર	Powder
ક્રીમ	Skin cream
કાજળ	Kohl
લિપસ્ટિક	Lipstick
કંકુ	Vermilion
ચાંદલો	Forehead mark
અસ્ત્રો	Razor
ઇસ્ત્રી	Clothes iron
હેંગર	Clothes hanger
ક્લિપ	Clip
દોરી	Cord
સીવણ	Stitching
ટાંકો	Stitch
બટન	Button
સાંકળ	Chain
ઝિપર	Zipper
ખિસ્સું	Pocket
કાપડ	Cloth
દોરો	Thread
ઊન	Wool
રેશમ	Silk
મખમલ	Velvet
ખાદી	Khadi fabric
લિનન	Linen
નાયલોન	Nylon
ચામડું	Leather
સાડી	Sari
ચણિયો	Long skirt
ઓઢણી	Veil
દુપટ્ટો	Scarf
કુર્તો	Kurta
પાયજામો	Pajamas
ધોતિયું	Dhoti
કેડિયું	Traditional short jacket
પાઘડી	Turban
ટોપી	Cap
કમરપટ્ટો	Belt
કોટ	Coat
જાકીટ	Jacket
સ્વેટર	Sweater
શાલ	Shawl
મોજાં	Socks
હાથમોજાં	Gloves
બૂટ	Boots
ચંપલ	Slippers
મોજડી	Embroidered shoes
સેન્ડલ	Sandals
ગણવેશ	Uniform
એપ્રન	Apron
હેલ્મેટ	Helmet
ચશ્માં	Spectacles
ગોગલ્સ	Sunglasses
છત્રી	Umbrella
વરસાદી કોટ	Raincoat
રૂમાલ	Handkerchief
ઘૂંઘટ	Face veil
બંગડી	Bangle
કંગન	Bracelet
ઝાંઝર	Anklet
નથ	Nose ring
કુંડળ	Earring
મંગળસૂત્ર	Marriage necklace
લૉકેટ	Pendant
મણકો	Bead
ઝાલર	Fringe
મુકુટ	Crown ornament
મેડલ	Medal
બિલ્લો	Badge
થેલો	Bag
કોથળી	Pouch
પાકીટ	Wallet
સૂટકેસ	Suitcase
પેટારો	Storage chest
તિજોરી	Safe
તાળાચાવી	Lock and key
મેચિસ	Matches
મીણબત્તી	Candle
ફાનસ	Lantern
ટોર્ચ	Flashlight
બલ્બ	Light bulb
ટ્યુબલાઇટ	Tube light
પંખો	Fan
વાતાનુકૂલક	Air conditioner
હીટર	Heater
સ્વિચ	Switch
પ્લગ	Plug
સોકેટ	Socket
તાર	Wire
બેટરી	Battery
ચાર્જર	Charger
ફ્યુઝ	Fuse
જનરેટર	Generator
ઇન્વર્ટર	Inverter
મોટર	Motor
પંપ	Pump
નળ	Tap
પાઇપ	Pipe
વૉલ્વ	Valve
ટાંકી	Tank
ગટર	Drain
ખાળ	Ditch
કોદાળી	Pickaxe
પાવડો	Shovel
કુહાડી	Axe
દાતરડું	Sickle
કરવત	Saw
ફરસી	Chisel
પેચકસ	Screwdriver
પક્કડ	Pliers
સ્પેનર	Spanner
ખીલો	Nail
સ્ક્રૂ	Screw
નટ	Nut fastener
બોલ્ટ	Bolt
કડી	Link
હૂક	Hook
મિજાગરું	Hinge
સળિયો	Rod
જાળી	Mesh
ફટકડી	Alum
ગુંદર	Glue
ટેપ	Adhesive tape
રબર	Rubber
પ્લાસ્ટિક	Plastic
કાચ	Glass
સિમેન્ટ	Cement
ચૂનો	Lime
ઈંટ	Brick
લાદી	Floor tile
સંગેમરમર	Marble
ગ્રેનાઇટ	Granite
લાકડું	Wood
પાટિયું	Plank
વહેર	Sawdust
પાયો	Foundation
થાંભલો	Pillar
કમાન	Arch
ગુંબજ	Dome
મિનારો	Minaret
છાપરું	Thatched roof
નળિયું	Roof tile
ઝૂંપડી	Hut
તંબુ	Tent
બંગલો	Bungalow
હવેલી	Mansion
ઇમારત	Building
ગગનચુંબી	Skyscraper
વાડ	Fence
દરવાજો	Gate
કિલ્લેબંધી	Fortification
ખાઈ	Moat
સુરંગ	Tunnel
બોગદું	Underground passage
બંધ	Dam
નહેર	Canal
જળાશય	Reservoir
બાવડી	Stepwell
ચબૂતરો	Bird-feeding tower
કબૂતરખાનું	Dovecote
ધર્મશાળા	Pilgrim lodging
મુસાફરખાનું	Traveler's lodge
હોટેલ	Hotel
છાત્રાલય	Hostel
હોસ્પિટલ	Hospital
દવાખાનું	Clinic
પ્રયોગશાળા	Laboratory
પુસ્તકાલય	Library
સંગ્રહાલય	Museum
ચિત્રશાળા	Art gallery
નાટ્યગૃહ	Theater
સિનેમાઘર	Cinema
સભાગૃહ	Auditorium
કચેરી	Office
અદાલત	Court
જેલ	Prison
પોલીસથાણું	Police station
અગ્નિશમન કેન્દ્ર	Fire station
ટપાલખાનું	Post office
બેંક	Bank
કારખાનું	Factory
ગોદામ	Warehouse
દુકાન	Shop
હાટ	Weekly market
મેળો	Fair
પેટ્રોલપંપ	Fuel station
ગેરેજ	Garage
બસસ્થાનક	Bus station
વિમાનમથક	Airport
રેલવે સ્ટેશન	Railway station
મંચ	Stage
ચોક	Town square
ગલી	Lane
ફૂટપાથ	Sidewalk
ચોરાહો	Crossroads
ધોરીમાર્ગ	Highway
વળાંક	Bend
ઢાળ	Slope
સરહદ	Border
ચોકી	Outpost
છાવણી	Camp
મસ્જિદ	Mosque
ગિરજાઘર	Church
ગુરુદ્વારા	Sikh place of worship
દેરાસર	Jain temple
આશ્રમ	Hermitage
સ્મશાન	Cremation ground
કબ્રસ્તાન	Cemetery
સમાધિ	Memorial tomb
પ્રાણી સંગ્રહાલય	Zoo
અભયારણ્ય	Wildlife sanctuary
રાષ્ટ્રીય ઉદ્યાન	National park
વાડી	Orchard
નર્સરી	Plant nursery
ક્યારો	Garden bed
કુંડું	Flowerpot
વાવેતર	Sowing
લણણી	Harvest
પાક	Crop
ખાતર	Fertilizer
સિંચાઈ	Irrigation
હળ	Plow
ધૂંસરી	Yoke
ટ્રેક્ટર	Tractor
ગાડું	Cart
બળદગાડું	Bullock cart
લગામ	Rein
જીન	Saddle
ચાબુક	Whip
નાળ	Horseshoe
લંગર	Anchor
હલેસું	Oar
સુકાન	Rudder
સઢ	Sail
તરાપો	Raft
નૌકા	Small boat
સબમરીન	Submarine
સ્ટીમર	Steamship
બંદૂકગોળો	Ammunition
તોપ	Cannon
ગોળી	Bullet
બોમ્બ	Bomb
મિસાઇલ	Missile
રોકેટ	Rocket
હેલિકોપ્ટર	Helicopter
પેરાશૂટ	Parachute
ગ્લાઇડર	Glider
ડ્રોન	Drone
બસ	Bus
ટ્રક	Truck
ટેમ્પો	Small cargo truck
રિક્ષા	Rickshaw
સાઇકલ	Bicycle
મોટરસાઇકલ	Motorcycle
સ્કૂટર	Scooter
ટેક્સી	Taxi
એમ્બ્યુલન્સ	Ambulance
અગ્નિશામક ગાડી	Fire engine
બુલડોઝર	Bulldozer
ક્રેન	Lifting crane
રોડરોલર	Road roller
લિફ્ટ	Elevator
રોપવે	Cable car
મેટ્રો	Metro train
ટ્રામ	Tram
પાટો	Rail
રેલડબ્બો	Railway carriage
એન્જિન	Engine
બ્રેક	Brake
એક્સેલરેટર	Accelerator
ક્લચ	Clutch
ગિયર	Gear
સ્ટિયરિંગ	Steering wheel
ટાયર	Tire
ટ્યૂબ	Inner tube
બોનેટ	Car hood
ડિકી	Car trunk
બમ્પર	Bumper
નંબરપ્લેટ	License plate
સીટબેલ્ટ	Seat belt
હેડલાઇટ	Headlight
હોર્ન	Vehicle horn
સિગ્નલ	Traffic signal
ઝેબ્રા ક્રોસિંગ	Pedestrian crossing
ટિકિટ	Ticket
પાસપોર્ટ	Passport
વિઝા	Visa
સામાન	Luggage
મુસાફરી	Travel
પ્રવાસ	Tour
યાત્રા	Pilgrimage
પિકનિક	Picnic
માર્ગદર્શક	Guide
મુસાફર	Passenger
પ્રવાસી	Tourist
માતા	Mother
પિતા	Father
ભાઈ	Brother
બહેન	Sister
દીકરો	Son
દીકરી	Daughter
દાદા	Paternal grandfather
દાદી	Paternal grandmother
નાના	Maternal grandfather
નાની	Maternal grandmother
કાકા	Paternal uncle
કાકી	Paternal uncle's wife
મામા	Maternal uncle
મામી	Maternal uncle's wife
માસી	Maternal aunt
ફોઈ	Paternal aunt
ભત્રીજો	Brother's son
ભત્રીજી	Brother's daughter
ભાણેજ	Sister's child
પતિ	Husband
પત્ની	Wife
વર	Bridegroom
વધૂ	Bride
સાસુ	Mother-in-law
સસરા	Father-in-law
જમાઈ	Son-in-law
વહુ	Daughter-in-law
કુટુંબ	Family
સગપણ	Kinship
પાડોશી	Neighbor
મહેમાન	Guest
યજમાન	Host
જોડિયા	Twins
વડીલ	Elder
યુવાન	Young person
શિશુ	Infant
કિશોર	Adolescent
માણસ	Human
સ્ત્રી	Woman
પુરુષ	Man
દંપતી	Married couple
અનાથ	Orphan
વિદ્યાર્થી	Student
પ્રાધ્યાપક	Professor
આચાર્ય	Principal
વૈજ્ઞાનિક	Scientist
સંશોધક	Researcher
ડૉક્ટર	Doctor
નર્સ	Nurse
વૈદ્ય	Ayurvedic physician
દંતચિકિત્સક	Dentist
સર્જન	Surgeon
ફાર્માસિસ્ટ	Pharmacist
પશુચિકિત્સક	Veterinarian
ઇજનેર	Engineer
સ્થપતિ	Architect
વકીલ	Lawyer
ન્યાયાધીશ	Judge
લેખક	Writer
કવિ	Poet
પત્રકાર	Journalist
સંપાદક	Editor
પ્રકાશક	Publisher
અનુવાદક	Translator
ચિત્રકાર	Painter
શિલ્પકાર	Sculptor
ગાયક	Singer
સંગીતકાર	Musician
નૃત્યકાર	Dancer
અભિનેતા	Actor
દિગ્દર્શક	Director
ફોટોગ્રાફર	Photographer
જાદુગર	Magician
રંગલો	Clown
વિદૂષક	Jester
કઠપૂતળીવાળો	Puppeteer
રમતવીર	Athlete
પહેલવાન	Wrestler
તરવૈયો	Swimmer
ખલાસી	Sailor
નાવિક	Boatman
પાઇલટ	Pilot
ડ્રાઇવર	Driver
કંડક્ટર	Conductor
માછીમાર	Fisherman
માળી	Gardener
ભરવાડ	Shepherd
ગોવાળ	Cowherd
કુંભાર	Potter
સુથાર	Carpenter
લુહાર	Blacksmith
સોની	Goldsmith
દરજી	Tailor
મોચી	Cobbler
વણકર	Weaver
રંગરેજ	Dyer
ધોબી	Laundry worker
વાળંદ	Barber
કડિયો	Mason
મજૂર	Laborer
ખાણિયો	Miner
રસોઈયો	Cook
હલવાઈ	Confectioner
ફેરિયો	Street vendor
દુકાનદાર	Shopkeeper
વેપારી	Merchant
દલાલ	Broker
હિસાબનીશ	Accountant
કારકુન	Clerk
ટપાલી	Postal worker
ચોકીદાર	Watchman
દ્વારપાળ	Doorkeeper
અંગરક્ષક	Bodyguard
અગ્નિશામક	Firefighter
પોલીસ	Police
સેનાપતિ	Commander
રાજદૂત	Ambassador
મંત્રી	Minister
સરપંચ	Village head
મેયર	Mayor
સાંસદ	Member of parliament
રાજ્યપાલ	Governor
રાષ્ટ્રપતિ	President
વડાપ્રધાન	Prime minister
પૂજારી	Priest
સાધુ	Monk
સંત	Saint
યોગી	Yogi
ઋષિ	Sage
ભિક્ષુક	Beggar
સ્વયંસેવક	Volunteer
સમાજસેવક	Social worker
ઉદ્યોગપતિ	Industrialist
ઉદ્યોગસાહસિક	Entrepreneur
પ્રોગ્રામર	Programmer
પ્લમ્બર	Plumber
ઇલેક્ટ્રિશિયન	Electrician
મિકેનિક	Mechanic
કપાળ	Forehead
ભમર	Eyebrow
પાંપણ	Eyelid
કીકી	Pupil of eye
ગાલ	Cheek
હોઠ	Lip
દાઢી	Beard
મૂછ	Mustache
વાળ	Hair
ચહેરો	Face
હડપચી	Chin
જડબું	Jaw
ગળું	Throat
ગરદન	Neck
ખભો	Shoulder
છાતી	Chest
પીઠ	Back
કમર	Waist
પેટ	Belly
નાભિ	Navel
કોણી	Elbow
કાંડું	Wrist
હથેળી	Palm
આંગળી	Finger
અંગૂઠો	Thumb
નખ	Fingernail
સાથળ	Thigh
ઘૂંટણ	Knee
પિંડી	Calf muscle
ઘૂંટી	Ankle
એડી	Heel
તળિયું	Sole
ચામડી	Skin
હાડકું	Bone
સાંધો	Joint
સ્નાયુ	Muscle
નસ	Nerve
ધમની	Artery
મગજ	Brain
ફેફસું	Lung
યકૃત	Liver
મૂત્રપિંડ	Kidney
જઠર	Stomach
આંતરડું	Intestine
પાંસળી	Rib
કરોડરજ્જુ	Spinal cord
ખોપરી	Skull
હાડપિંજર	Skeleton
શ્વાસ	Breath
ધબકારો	Heartbeat
નાડી	Pulse
પરસેવો	Sweat
આંસુ	Tear
લાળ	Saliva
હાસ્ય	Laughter
સ્મિત	Smile
ઊંઘ	Sleep
બગાસું	Yawn
છીંક	Sneeze
ઉધરસ	Cough
હેડકી	Hiccup
ભૂખ	Hunger
તરસ	Thirst
થાક	Fatigue
દુખાવો	Pain
ઘા	Wound
ડાઘ	Mark
સોજો	Swelling
ફોલ્લો	Blister
મલમ	Ointment
પટ્ટી	Bandage
ઈન્જેક્શન	Injection
રસી	Vaccine
શસ્ત્રક્રિયા	Surgery
સ્વાસ્થ્ય	Health
રોગ	Disease
ચેપ	Infection
જીવાણુ	Microbe
વિષાણુ	Virus
પ્રતિકારક શક્તિ	Immunity
એક્સરે	X-ray
થર્મોમીટર	Thermometer
સ્ટેથોસ્કોપ	Stethoscope
સ્ટ્રેચર	Stretcher
વ્હીલચેર	Wheelchair
કાખઘોડી	Crutch
પ્રાથમિક સારવાર	First aid
યોગ	Yoga
ધ્યાન	Meditation
કસરત	Exercise
આહાર	Diet
વિટામિન	Vitamin
પ્રોટીન	Protein
પોષણ	Nutrition
બાળપણ	Childhood
યુવાની	Youth
વૃદ્ધાવસ્થા	Old age
જન્મ	Birth
જીવન	Life
મૃત્યુ	Death
આયુષ્ય	Lifespan
જન્મદિવસ	Birthday
લગ્ન	Wedding
સગાઈ	Engagement
વર્ષગાંઠ	Anniversary
નામકરણ	Naming ceremony
ઉત્સવ	Festival
દિવાળી	Diwali
હોળી	Holi
ધુળેટી	Festival of colors
નવરાત્રી	Nine-night festival
ઉત્તરાયણ	Kite festival
જન્માષ્ટમી	Krishna's birthday
રક્ષાબંધન	Rakhi festival
દશેરા	Dussehra
ગણેશોત્સવ	Ganesh festival
શિવરાત્રી	Shiva festival
ઈદ	Eid
નાતાલ	Christmas
પતેતી	Parsi penitence day
નવવર્ષ	New Year
ગરબા	Garba dance
રાસ	Raas dance
દાંડિયા	Dance sticks
ભવાઈ	Gujarati folk theater
લોકગીત	Folk song
ભજન	Devotional song
આરતી	Lamp offering
પૂજા	Worship
પ્રાર્થના	Prayer
ઉપવાસ	Fast
વ્રત	Religious vow
પ્રસાદ	Blessed offering
રંગોળી	Decorative floor art
તોરણ	Doorway garland
ફૂલમાળા	Flower garland
કોડિયું	Earthen lamp
દીવેટ	Lamp wick
અગરબત્તી	Incense stick
ધૂપ	Incense
કપૂર	Camphor
કળશ	Ceremonial pot
પૂજાથાળી	Offering plate
ઘંટડી	Small bell
ઘૂઘરી	Jingle bell
મંજિરાં	Hand cymbals
તબલાં	Tabla drums
પખવાજ	Barrel drum
મૃદંગ	Mridangam drum
ડમરુ	Hourglass drum
નગારું	Kettledrum
શરણાઈ	Shehnai
રણશિંગું	War horn
વીણા	Veena
સિતાર	Sitar
સારંગી	Sarangi
તાનપૂરો	Tanpura
હર્મોનિયમ	Harmonium
ગિટાર	Guitar
વાયોલિન	Violin
પિયાનો	Piano
ટ્રમ્પેટ	Trumpet
સેક્સોફોન	Saxophone
સૂર	Musical note
તાલ	Rhythm cycle
લય	Rhythm
રાગ	Melodic framework
ધૂન	Tune
ગીત	Song
કવિતા	Poem
ગઝલ	Ghazal
દોહો	Couplet
હાલરડું	Lullaby
નાટક	Play
વાર્તા	Story
નવલકથા	Novel
નિબંધ	Essay
આત્મકથા	Autobiography
જીવનચરિત્ર	Biography
લોકકથા	Folktale
દંતકથા	Legend
કહેવત	Proverb
ઉખાણું	Riddle
જોડકણું	Rhyme
ટુચકો	Joke
સંવાદ	Dialogue
પાત્ર	Character
કથાવસ્તુ	Plot
પ્રકરણ	Chapter
શીર્ષક	Title
પ્રસ્તાવના	Preface
ઉપસંહાર	Conclusion
લેખ	Article
સામયિક	Periodical
અખબાર	Newspaper
જાહેરાત	Advertisement
સમાચાર	News
અહેવાલ	Report
મુલાકાત	Interview
સંપાદકીય	Editorial
સ્તંભ	Column
કાર્ટૂન	Cartoon
હસ્તપ્રત	Manuscript
શિલાલેખ	Inscription
તાડપત્ર	Palm-leaf manuscript
ચિત્રપટ	Film
દસ્તાવેજી ફિલ્મ	Documentary
મૂર્તિ	Statue
શિલ્પ	Sculpture
નકશીકામ	Carving
ભરતકામ	Embroidery
ગૂંથણ	Knitting
વણાટ	Weaving
પટોળું	Patola silk sari
બાંધણી	Tie-dye fabric
અજરખ	Ajrakh block print
પિછવાઈ	Devotional cloth painting
હસ્તકલા	Handicraft
માટીકામ	Pottery
કુંભારનો ચાક	Potter's wheel
કઠપૂતળી	Puppet
મહોરું	Mask
વેશભૂષા	Costume
પાર્શ્વગીત	Background song
અભિનય	Acting
પ્રેક્ષક	Spectator
તાળીઓ	Applause
પુરસ્કાર	Award
પ્રદર્શન	Exhibition
મહોત્સવ	Celebration
સરઘસ	Procession
ફટાકડો	Firecracker
ફુલઝડી	Sparkler
ભમરડો	Spinning top
ફુગ્ગો	Balloon
રમકડું	Toy
ઢીંગલી	Doll
કાચની ગોળી	Marble toy
ગિલ્લીદંડા	Tip-cat game
સંતાકૂકડી	Hide-and-seek
પકડદાવ	Tag game
કબડ્ડી	Kabaddi
ખોખો	Kho-kho
ક્રિકેટ	Cricket
ફૂટબોલ	Football
હોકી	Hockey
ટેનિસ	Tennis
બેડમિન્ટન	Badminton
વોલીબોલ	Volleyball
બાસ્કેટબોલ	Basketball
બેઝબોલ	Baseball
ગોલ્ફ	Golf
રગ્બી	Rugby
ટેબલ ટેનિસ	Table tennis
ચેસ	Chess
કેરમ	Carrom
પત્તાં	Playing cards
પાસો	Die
સાપસીડી	Snakes and ladders
લુડો	Ludo
ચોપાટ	Chaupar
શતરંજનો પ્યાદો	Chess pawn
ચેસબોર્ડ	Chessboard
કૂકરી	Game piece
કુસ્તી	Wrestling
મુક્કાબાજી	Boxing
તીરંદાજી	Archery
ભાલાફેંક	Javelin throw
ગોળાફેંક	Shot put
ચક્રફેંક	Discus throw
લાંબી કૂદ	Long jump
ઊંચી કૂદ	High jump
દોડ	Running race
મેરેથોન	Marathon
રિલે	Relay race
તરણ	Swimming
નૌકાદોડ	Boat race
ઘોડેસવારી	Horse riding
પર્વતારોહણ	Mountaineering
સ્કેટિંગ	Skating
સ્કીઇંગ	Skiing
સર્ફિંગ	Surfing
વ્યાયામશાળા	Gymnasium
અખાડો	Wrestling arena
સ્ટેડિયમ	Stadium
પટાંગણ	Playground
ગોલપોસ્ટ	Goalpost
વિકેટ	Wicket
બેટ	Bat for sport
રેકેટ	Racket
શટલકોક	Shuttlecock
નેટ	Sports net
સીટી	Whistle
સ્કોર	Score
રેફરી	Referee
અમ્પાયર	Umpire
કપ્તાન	Captain
કોચ	Coach
ટીમ	Team
હરીફ	Opponent
સ્પર્ધા	Competition
ટુર્નામેન્ટ	Tournament
ટ્રોફી	Trophy
વિજય	Victory
પરાજય	Defeat
વિક્રમ	Record
ચેમ્પિયન	Champion
શિક્ષણ	Education
જ્ઞાન	Knowledge
વિદ્યા	Learning
અભ્યાસ	Study
પાઠ	Lesson
વર્ગ	Classroom
ધોરણ	School grade
પરીક્ષા	Exam
પ્રશ્ન	Question
જવાબ	Answer
ગુણ	Marks
પ્રમાણપત્ર	Certificate
પદવી	Degree
શિષ્યવૃત્તિ	Scholarship
ગૃહકાર્ય	Homework
પાઠ્યપુસ્તક	Textbook
નોટબુક	Notebook
ડાયરી	Diary
દફતર	Schoolbag
પેન્સિલ	Pencil
ભૂંસણી	Eraser
સંચો	Pencil sharpener
ફૂટપટ્ટી	Ruler
પરિકર	Drawing compass
કોણમાપક	Protractor
ગણકયંત્ર	Calculator
કાળું પાટિયું	Blackboard
ચૉક	Chalk
સ્લેટ	Slate
નકશાપોથી	Atlas
પૃથ્વીનો ગોળો	Globe
શબ્દકોશ	Dictionary
વિશ્વકોશ	Encyclopedia
વ્યાકરણ	Grammar
મૂળાક્ષર	Alphabet
અક્ષર	Letter of alphabet
સ્વર	Vowel
વ્યંજન	Consonant
શબ્દ	Word
વાક્ય	Sentence
ફકરો	Paragraph
ભાષા	Language
બોલી	Dialect
લિપિ	Script
જોડણી	Spelling
ઉચ્ચાર	Pronunciation
અર્થ	Meaning
સમાનાર્થી	Synonym
વિરુદ્ધાર્થી	Antonym
રૂપક	Metaphor
અલંકાર	Figure of speech
છંદ	Poetic meter
વિરામચિહ્ન	Punctuation
પૂર્ણવિરામ	Full stop
અલ્પવિરામ	Comma
પ્રશ્નચિહ્ન	Question mark
ઉદ્ગારચિહ્ન	Exclamation mark
કૌંસ	Bracket
અવતરણ	Quotation
હસ્તાક્ષર	Signature
સુલેખન	Calligraphy
વાંચન	Reading
લેખન	Writing
ભાષણ	Speech
વક્તૃત્વ	Oratory
ચર્ચા	Discussion
વાદવિવાદ	Debate
સંશોધન	Research
શોધ	Discovery
પ્રયોગ	Experiment
પુરાવો	Evidence
સિદ્ધાંત	Theory
નિયમ	Rule
સૂત્ર	Formula
સમસ્યા	Problem
ઉકેલ	Solution
ગણિત	Mathematics
અંક	Digit
સંખ્યા	Number
શૂન્ય	Zero
સરવાળો	Addition
બાદબાકી	Subtraction
ગુણાકાર	Multiplication
ભાગાકાર	Division
અપૂર્ણાંક	Fraction
દશાંશ	Decimal
ટકાવારી	Percentage
સરેરાશ	Average
ગુણોત્તર	Ratio
સમીકરણ	Equation
ચલ	Variable
ઘાત	Exponent
વર્ગમૂળ	Square root
ભૂમિતિ	Geometry
બિંદુ	Point
રેખા	Line
કિરણ	Ray
ખૂણો	Angle
ત્રિકોણ	Triangle
ચોરસ	Square
લંબચોરસ	Rectangle
વર્તુળ	Circle
અંડાકાર	Oval
પંચકોણ	Pentagon
ષટ્કોણ	Hexagon
ઘન	Cube
ગોળાકાર	Sphere
નળાકાર	Cylinder
શંકુ	Cone
પિરામિડ	Pyramid
ત્રિજ્યા	Radius
વ્યાસ	Diameter
પરિઘ	Circumference
ક્ષેત્રફળ	Area
ઘનફળ	Volume
લંબાઈ	Length
પહોળાઈ	Width
ઊંચાઈ	Height
ઊંડાઈ	Depth
અંતર	Distance
માપ	Measurement
વજન	Weight
તુલા	Balance scale
એકમ	Unit
લીટર	Liter
મીટર	Meter
કિલોગ્રામ	Kilogram
કિલોમીટર	Kilometer
સેકન્ડ	Second
મિનિટ	Minute
કલાક	Hour
અઠવાડિયું	Week
મહિનો	Month
વર્ષ	Year
દાયકો	Decade
સદી	Century
સહસ્રાબ્દી	Millennium
પંચાંગ	Almanac
કેલેન્ડર	Calendar
તારીખ	Date
તિથિ	Lunar date
પૂનમ	Full moon
અમાસ	New moon
એકાદશી	Eleventh lunar day
ક્ષણ	Moment
ભૂતકાળ	Past
વર્તમાન	Present
ભવિષ્ય	Future
રજા	Holiday
વેકેશન	Vacation
સમયપત્રક	Timetable
ઇતિહાસ	History
ભૂગોળ	Geography
વિજ્ઞાન	Science
ભૌતિકશાસ્ત્ર	Physics
રસાયણશાસ્ત્ર	Chemistry
જીવવિજ્ઞાન	Biology
વનસ્પતિશાસ્ત્ર	Botany
ખગોળશાસ્ત્ર	Astronomy
મનોવિજ્ઞાન	Psychology
અર્થશાસ્ત્ર	Economics
સમાજશાસ્ત્ર	Sociology
પુરાતત્ત્વ	Archaeology
તત્ત્વજ્ઞાન	Philosophy
તર્ક	Logic
પરમાણુ	Atom
અણુ	Molecule
ઇલેક્ટ્રોન	Electron
પ્રોટોન	Proton
ન્યુટ્રોન	Neutron
કેન્દ્રક	Nucleus
તત્ત્વ	Element
સંયોજન	Compound
મિશ્રણ	Mixture
દ્રાવણ	Solution mixture
સ્ફટિક	Crystal
રાસાયણિક ક્રિયા	Chemical reaction
અમ્લ	Acid
ક્ષાર	Alkali
ધાતુ	Metal
મિશ્રધાતુ	Alloy
તાંબું	Copper
પિત્તળ	Brass
કાંસું	Bronze
પોલાદ	Steel
એલ્યુમિનિયમ	Aluminum
જસત	Zinc
સીસું	Lead
કલાઈ	Tin
પારો	Mercury metal
નિકલ	Nickel
પ્લેટિનમ	Platinum
યુરેનિયમ	Uranium
સિલિકોન	Silicon
કાર્બન	Carbon
ગંધક	Sulfur
ફોસ્ફરસ	Phosphorus
કેલ્શિયમ	Calcium
સોડિયમ	Sodium
પોટેશિયમ	Potassium
મેગ્નેશિયમ	Magnesium
ઓક્સિજન	Oxygen
હાઇડ્રોજન	Hydrogen
નાઇટ્રોજન	Nitrogen
હિલિયમ	Helium
ઓઝોન	Ozone
કાર્બન ડાયોક્સાઇડ	Carbon dioxide
વરાળ	Steam
વાયુ	Gas
પ્રવાહી	Liquid
ઘન પદાર્થ	Solid
પીગળવું	Melting
બાષ્પીભવન	Evaporation
ઘનીભવન	Condensation
ઉત્કલન	Boiling
ગલનબિંદુ	Melting point
ઘનતા	Density
દબાણ	Pressure
બળ	Force
ઘર્ષણ	Friction
ગતિ	Motion
વેગ	Velocity
પ્રવેગ	Acceleration
ઊર્જા	Energy
શક્તિ	Power
ઉષ્મા	Heat energy
વિદ્યુત	Electricity
ચુંબક	Magnet
ચુંબકત્વ	Magnetism
વિદ્યુતપ્રવાહ	Electric current
વોલ્ટેજ	Voltage
પ્રતિકાર	Resistance
પરિપથ	Circuit
વાહક	Conductor material
અવાહક	Insulator
સૌરઊર્જા	Solar energy
પવનચક્કી	Windmill
સૌરપટ્ટી	Solar panel
અણુભઠ્ઠી	Nuclear reactor
તરંગ	Wave motion
આવર્તન	Frequency
કંપન	Vibration
પડઘો	Echo
પ્રતિબિંબ	Reflection
વક્રીભવન	Refraction
લેન્સ	Lens
પ્રિઝમ	Prism
સૂક્ષ્મદર્શક	Microscope
લેસર	Laser
વર્ણપટ	Spectrum
રેડિયો	Radio
ટેલિવિઝન	Television
ટેલિફોન	Telephone
મોબાઇલ	Mobile phone
કમ્પ્યુટર	Computer
લેપટોપ	Laptop
ટેબ્લેટ	Tablet computer
કીબોર્ડ	Keyboard
માઉસ	Computer mouse
મોનિટર	Monitor
પ્રિન્ટર	Printer
સ્કેનર	Scanner
પ્રોજેક્ટર	Projector
કેમેરા	Camera
માઇક્રોફોન	Microphone
સ્પીકર	Loudspeaker
હેડફોન	Headphones
રિમોટ	Remote control
એન્ટેના	Antenna
ચિપ	Microchip
પ્રોસેસર	Processor
મેમરી	Computer memory
હાર્ડડિસ્ક	Hard disk
પેનડ્રાઇવ	USB drive
કેબલ	Cable
રાઉટર	Router
મોડેમ	Modem
ઇન્ટરનેટ	Internet
વાઇફાઇ	Wi-Fi
બ્લૂટૂથ	Bluetooth
વેબસાઇટ	Website
ઈમેલ	Email
પાસવર્ડ	Password
ફાઇલ	File
ફોલ્ડર	Folder
સોફ્ટવેર	Software
હાર્ડવેર	Hardware
એપ્લિકેશન	Application
ડેટાબેઝ	Database
અલ્ગોરિધમ	Algorithm
કોડ	Code
રોબોટ	Robot
કૃત્રિમ બુદ્ધિ	Artificial intelligence
સંદેશ	Message
સૂચના	Notification
ડાઉનલોડ	Download
અપલોડ	Upload
બેકઅપ	Backup
ફાયરવૉલ	Firewall
ક્યુઆર કોડ	QR code
બારકોડ	Barcode
ઓનલાઇન	Online
ઑફલાઇન	Offline
સેલ્ફી	Selfie
વિડિયો	Video
ઓડિયો	Audio
એનિમેશન	Animation
પિક્સેલ	Pixel
પર્દો	Screen
જાહેરખબર	Public notice
છાપકામ	Printing
ફોટોકૉપી	Photocopy
ટપાલ	Mail
પરબીડિયું	Envelope
પોસ્ટકાર્ડ	Postcard
ટપાલટિકિટ	Postage stamp
સરનામું	Address
પિનકોડ	Postal code
કુરિયર	Courier
પાર્સલ	Parcel
ચલણ	Currency
રૂપિયો	Rupee
નોટ	Banknote
પૈસો	Money
બચત	Savings
ખર્ચ	Expense
આવક	Income
નફો	Profit
નુકસાન	Loss
કિંમત	Price
મૂલ્ય	Value
વેતન	Salary
મજૂરી	Wages
ભાડું	Rent
વ્યાજ	Interest
ઋણ	Debt
લોન	Loan
થાપણ	Deposit
ખાતું	Account
ચેક	Cheque
રસીદ	Receipt
બિલ	Bill
ભરતિયું	Invoice
કર	Tax
બજેટ	Budget
વીમો	Insurance
રોકાણ	Investment
શેર	Share
શેરબજાર	Stock market
હરાજી	Auction
વેપાર	Trade
નિકાસ	Export
આયાત	Import
પુરવઠો	Supply
માગ	Demand
છૂટ	Discount
સોદો	Deal
કરાર	Contract
જામીન	Bail
ગીરવે	Mortgage
મિલકત	Property
વારસો	Inheritance
વસિયત	Will
દાન	Donation
ભેટ	Gift
ઇનામ	Prize
દંડ	Fine
લાંચ	Bribe
ભ્રષ્ટાચાર	Corruption
ગરીબી	Poverty
સમૃદ્ધિ	Prosperity
બેરોજગારી	Unemployment
ફુગાવો	Inflation
મંદી	Recession
હિસાબ	Accounting
ઓડિટ	Audit
નાણાકીય વર્ષ	Financial year
ખજાનો	Treasure
ખજાનચી	Treasurer
નાણાંપ્રધાન	Finance minister
રોકડ	Cash
હપ્તો	Installment
પેન્શન	Pension
નિવૃત્તિ	Retirement
વ્યવસાય	Profession
નોકરી	Job
અરજી	Application request
નિમણૂકપત્ર	Appointment letter
અનુભવ	Experience
કૌશલ્ય	Skill
તાલીમ	Training
બઢતી	Promotion
હડતાળ	Strike
સંઘ	Union
ભાગીદારી	Partnership
કંપની	Company
સંસ્થા	Institution
સહકારી મંડળી	Cooperative society
ઉત્પાદન	Production
માલ	Goods
ગ્રાહક	Customer
વિક્રેતા	Seller
ખરીદી	Purchase
વેચાણ	Sale
જથ્થો	Stock quantity
ગુણવત્તા	Quality
નમૂનો	Sample
પેકિંગ	Packaging
લેબલ	Label
બ્રાન્ડ	Brand
પેટન્ટ	Patent
પરવાનો	License
મુદ્રા	Stamp
મહોર	Official seal
સિક્યોરિટી	Security
આનંદ	Joy
દુઃખ	Sorrow
ગુસ્સો	Anger
ઈર્ષ્યા	Jealousy
લાલચ	Greed
ગર્વ	Pride
અભિમાન	Arrogance
નમ્રતા	Humility
દયા	Compassion
કરુણા	Mercy
લાગણી	Emotion
મમતા	Affection
વિશ્વાસ	Trust
શંકા	Doubt
ચિંતા	Worry
ઉત્સાહ	Enthusiasm
ઉત્સુકતા	Curiosity
આશ્ચર્ય	Surprise
શરમ	Shame
સંકોચ	Hesitation
એકલતા	Loneliness
સંતોષ	Contentment
નિરાશા	Disappointment
અફસોસ	Regret
પસ્તાવો	Remorse
યાદ	Memory
કલ્પના	Imagination
વિચાર	Thought
બુદ્ધિ	Intelligence
મન	Mind
આત્મા	Soul
ચેતના	Consciousness
સમજ	Understanding
ઇચ્છા	Desire
મહત્ત્વાકાંક્ષા	Ambition
પ્રેરણા	Inspiration
સર્જનાત્મકતા	Creativity
ધીરજ	Patience
હિંમત	Courage
બહાદુરી	Bravery
સાહસ	Adventure
સાવચેતી	Caution
જોખમ	Risk
સલામતી	Safety
વિનમ્રતા	Modesty
પ્રામાણિકતા	Honesty
સત્ય	Truth
જૂઠ	Lie
છેતરપિંડી	Deception
વફાદારી	Loyalty
મિત્રતા	Friendship
શત્રુતા	Enmity
આદર	Respect
અપમાન	Insult
ગૌરવ	Dignity
સન્માન	Honor
કૃતજ્ઞતા	Gratitude
માફી	Forgiveness
ભૂલ	Mistake
અપરાધ	Crime
પાપ	Sin
પુણ્ય	Virtue
ફરજ	Duty
જવાબદારી	Responsibility
અધિકાર	Right
સ્વતંત્રતા	Freedom
સમાનતા	Equality
ન્યાય	Justice
અન્યાય	Injustice
એકતા	Unity
સહકાર	Cooperation
સેવા	Service
બલિદાન	Sacrifice
ત્યાગ	Renunciation
પરિશ્રમ	Effort
આળસ	Laziness
લગન	Dedication
શિસ્ત	Discipline
ટેવ	Habit
વ્યસન	Addiction
સ્વભાવ	Temperament
વર્તન	Behavior
સંસ્કાર	Values
પરંપરા	Tradition
સંસ્કૃતિ	Culture
સભ્યતા	Civilization
ઓળખ	Identity
અસ્તિત્વ	Existence
નસીબ	Fate
યોગાનુયોગ	Coincidence
અવસર	Opportunity
લક્ષ્ય	Goal
યોજના	Plan
પ્રયત્ન	Attempt
સફળતા	Success
નિષ્ફળતા	Failure
પ્રગતિ	Progress
વિકાસ	Development
પરિવર્તન	Change
સુધારો	Improvement
વિનાશ	Destruction
ઉત્પત્તિ	Origin
અંત	End
શરૂઆત	Beginning
મધ્ય	Middle
મર્યાદા	Limit
સંતુલન	Balance
અતિરેક	Excess
અભાવ	Scarcity
જરૂરિયાત	Need
પસંદગી	Choice
નિર્ણય	Decision
સલાહ	Advice
અભિપ્રાય	Opinion
પ્રતિભાવ	Response
સંકેત	Signal
પ્રતીક	Symbol
રહસ્ય	Mystery
ગુપ્તતા	Secrecy
અફવા	Rumor
ચેતવણી	Warning
વચન	Promise
શપથ	Oath
સંદેહ	Suspicion
સાબિતી	Proof
સાક્ષી	Witness
આરોપ	Accusation
તપાસ	Investigation
સજા	Punishment
ચુકાદો	Verdict
અપીલ	Appeal
કાયદો	Law
બંધારણ	Constitution
સરકાર	Government
લોકશાહી	Democracy
રાજાશાહી	Monarchy
પ્રજાસત્તાક	Republic
ચૂંટણી	Election
મત	Vote
મતપેટી	Ballot box
મતદાર	Voter
ઉમેદવાર	Candidate
પક્ષ	Political party
વિપક્ષ	Opposition
બહુમતી	Majority
લઘુમતી	Minority
સંસદ	Parliament
વિધાનસભા	Legislative assembly
પંચાયત	Village council
નગરપાલિકા	Municipality
રાજ્ય	State
રાષ્ટ્ર	Nation
દેશ	Country
પ્રજા	People
નાગરિક	Citizen
વસ્તી	Population
વસાહત	Colony
સામ્રાજ્ય	Empire
રાજધાની	Capital city
જિલ્લો	District
તાલુકો	Subdistrict
પ્રાંત	Province
ખંડ	Continent
એશિયા	Asia
આફ્રિકા	Africa
યુરોપ	Europe
ઓસ્ટ્રેલિયા	Australia
એન્ટાર્કટિકા	Antarctica
ભારત	India
ગુજરાત	Gujarat
કચ્છ	Kutch
સૌરાષ્ટ્ર	Saurashtra
અમદાવાદ	Ahmedabad
સુરત	Surat
વડોદરા	Vadodara
રાજકોટ	Rajkot
ગાંધીનગર	Gandhinagar
ભાવનગર	Bhavnagar
જૂનાગઢ	Junagadh
જામનગર	Jamnagar
પોરબંદર	Porbandar
દ્વારકા	Dwarka
સોમનાથ	Somnath
પાવાગઢ	Pavagadh
ગિરનાર	Girnar
સાપુતારા	Saputara
નર્મદા	Narmada River
તાપી	Tapi River
સાબરમતી	Sabarmati River
મહી	Mahi River
ગંગા	Ganges River
યમુના	Yamuna River
હિમાલય	Himalayas
અરવલ્લી	Aravalli Range
વિંધ્ય	Vindhya Range
સાતપુડા	Satpura Range
એવરેસ્ટ	Everest
અરબી સમુદ્ર	Arabian Sea
હિંદ મહાસાગર	Indian Ocean
પ્રશાંત મહાસાગર	Pacific Ocean
એટલાન્ટિક	Atlantic Ocean
ભૂમધ્ય સમુદ્ર	Mediterranean Sea
તાજમહેલ	Taj Mahal
સાબરમતી આશ્રમ	Sabarmati Ashram
રાણકી વાવ	Rani ki Vav
સિદી સૈયદની જાળી	Sidi Saiyyed lattice
અડાલજની વાવ	Adalaj stepwell
ધોળાવીરા	Dholavira
લોથલ	Lothal
કીર્તિ મંદિર	Kirti Mandir
સૂર્યમંદિર	Sun temple
સાબુદાણા	Tapioca pearls
તરંગલંબાઈ	Wavelength
પ્રકાશસંશ્લેષણ	Photosynthesis
કોષ	Cell
પેશી	Tissue
રંગસૂત્ર	Chromosome
જનીન	Gene
વારસાગતતા	Heredity
ઉત્ક્રાંતિ	Evolution
જીવાશ્મ	Fossil
પર્યાવરણ	Environment
પરિસ્થિતિતંત્ર	Ecosystem
જૈવવિવિધતા	Biodiversity
ખોરાકસાંકળ	Food chain
પ્રદૂષણ	Pollution
પુનઃચક્રણ	Recycling
સંરક્ષણ	Conservation
વનનાબૂદી	Deforestation
વનીકરણ	Afforestation
કચરો	Waste
ખાતરખાડો	Compost pit
બાયોગેસ	Biogas
ગંદું પાણી	Wastewater
જળચક્ર	Water cycle
ભૂગર્ભજળ	Groundwater
જળસંચય	Water harvesting
હિમનદી	Glacier
હિમશિલા	Iceberg
સમુદ્રતળ	Seabed
દલદલ	Swamp
મેન્ગ્રોવ	Mangrove
ઘાસમેદાન	Grassland
વર્ષાવન	Rainforest
પઠાર	Plateau
તળેટી	Foothill
શિખર	Peak
ભૂસ્ખલન	Landslide
ધોવાણ	Erosion
કાંપ	Silt
ગાદ	Sediment
સુનામી	Tsunami
જંગલની આગ	Wildfire
ગરમ ઝરો	Hot spring
પેટ્રોલિયમ	Petroleum
કુદરતી વાયુ	Natural gas
અબરખ	Mica
ચૂનાપથ્થર	Limestone
રેતીખડક	Sandstone
બસાલ્ટ	Basalt
ક્વાર્ટ્ઝ	Quartz
માણેક	Ruby
નીલમ	Sapphire
પન્નું	Emerald
પોખરાજ	Topaz
અકીક	Agate
ફિરોજો	Turquoise stone
ચકમક	Flint
ચુંબકીય ધ્રુવ	Magnetic pole
અવશેષ	Remains
ખંડેર	Ruins
સ્મારક	Monument
પર્યટન	Tourism
આતિથ્ય	Hospitality
નૌકાવિહાર	Boating
પડાવ	Stopover
કેમ્પિંગ	Camping
મશાલ	Torch flame
દિશાસૂચક	Signpost
માઇલસ્ટોન	Milestone
સ્વપ્નદ્રષ્ટા	Dreamer
કાયાકલ્પ	Transformation
